{
  "project_info": {
    "project_number": "222181979732",
    "project_id": "fullauthentication-1a80c",
    "storage_bucket": "fullauthentication-1a80c.appspot.com"
  },
  "client": [
    {
      "client_info": {
        "mobilesdk_app_id": "1:222181979732:android:edc950f59dfa974a9f1fc1",
        "android_client_info": {
          "package_name": "com.example.securityprojectfinal"
        }
      },
      "oauth_client": [
        {
          "client_id": "222181979732-sp2jreuc9bhvdspfhj6c9dplmj3heb1a.apps.googleusercontent.com",
          "client_type": 1,
          "android_info": {
            "package_name": "com.example.securityprojectfinal.",
            "certificate_hash": "1c863a9c5a5b7aa46e94a110fe9e015eb27bdf97"
          }
        },
        {
          "client_id": "222181979732-4esg9run1k117v53i2r1qr6sd9k8fh1e.apps.googleusercontent.com",
          "client_type": 3
        }
      ],
      "api_key": [
        {
          "current_key": "AIzaSyAhj4b_Kg0iyz7BNfHrm9oPrLjjx8Tv09I"
        }
      ],
      "services": {
        "appinvite_service": {
          "other_platform_oauth_client": [
            {
              "client_id": "222181979732-4esg9run1k117v53i2r1qr6sd9k8fh1e.apps.googleusercontent.com",
              "client_type": 3
            }
          ]
        }
      }
    }
  ],
  "configuration_version": "1"
}