{
  "project_info": {
    "project_number": "137554344657",
    "firebase_url": "https://securityprojectfinal-default-rtdb.firebaseio.com",
    "project_id": "securityprojectfinal",
    "storage_bucket": "securityprojectfinal.appspot.com"
  },
  "client": [
    {
      "client_info": {
        "mobilesdk_app_id": "1:137554344657:android:c2dd43718ad5ed7fd163f0",
        "android_client_info": {
          "package_name": "com.example.securityprojectfinal"
        }
      },
      "oauth_client": [
        {
          "client_id": "137554344657-3kfofmiosqbmf91iofc3dtcosjfafgen.apps.googleusercontent.com",
          "client_type": 1,
          "android_info": {
            "package_name": "com.example.securityprojectfinal",
            "certificate_hash": "1c863a9c5a5b7aa46e94a110fe9e015eb27bdf97"
          }
        },
        {
          "client_id": "137554344657-6sbces5gvhf0gdb8h4rfa3nkl22la620.apps.googleusercontent.com",
          "client_type": 3
        }
      ],
      "api_key": [
        {
          "current_key": "AIzaSyCfoNl2-gy91ffExkfsL3-VhFuEjzH5oTg"
        }
      ],
      "services": {
        "appinvite_service": {
          "other_platform_oauth_client": [
            {
              "client_id": "137554344657-6sbces5gvhf0gdb8h4rfa3nkl22la620.apps.googleusercontent.com",
              "client_type": 3
            }
          ]
        }
      }
    }
  ],
  "configuration_version": "1"
}